id,subreddit,created_utc,created_iso,title,episode_code,is_trailer,num_comments,score,author,permalink,url
1qxossm,television,1770400676,2026-02-06T17:57:56+00:00,So... Starfleet Academy is ragebait right?,,0,67,0,tylerthe-theatre,https://www.reddit.com/r/television/comments/1qxossm/so_starfleet_academy_is_ragebait_right/,https://www.reddit.com/r/television/comments/1qxossm/so_starfleet_academy_is_ragebait_right/
1qxj5a1,television,1770388281,2026-02-06T14:31:21+00:00,Star Trek : Starfleet Academy - Why the hate?,,0,51,0,Nikmi,https://www.reddit.com/r/television/comments/1qxj5a1/star_trek_starfleet_academy_why_the_hate/,https://www.reddit.com/r/television/comments/1qxj5a1/star_trek_starfleet_academy_why_the_hate/
1qx5d5o,television,1770344927,2026-02-06T02:28:47+00:00,Star Trek: Starfleet Academy - 1x05 - “Series Acclimation Mil” - Episode Discussion,E01,0,43,0,NicholasCajun,https://www.reddit.com/r/television/comments/1qx5d5o/star_trek_starfleet_academy_1x05_series/,https://www.reddit.com/r/television/comments/1qx5d5o/star_trek_starfleet_academy_1x05_series/
1qrvn9u,television,1769843490,2026-01-31T07:11:30+00:00,Welp! I just saw episode 4 of Star Trek Starfleet Academy…,E04,0,16,0,CigarLover,https://www.reddit.com/r/television/comments/1qrvn9u/welp_i_just_saw_episode_4_of_star_trek_starfleet/,https://www.reddit.com/r/television/comments/1qrvn9u/welp_i_just_saw_episode_4_of_star_trek_starfleet/
1qr7018,television,1769783457,2026-01-30T14:30:57+00:00,"The online disourse around Star Trek: Starfleet Academy is not doing the show justice, and it's worthy of a being given a fair shot.",,0,135,0,joalr0,https://www.reddit.com/r/television/comments/1qr7018/the_online_disourse_around_star_trek_starfleet/,https://www.reddit.com/r/television/comments/1qr7018/the_online_disourse_around_star_trek_starfleet/
1qqsqch,television,1769739571,2026-01-30T02:19:31+00:00,Star Trek: Starfleet Academy - 1x04 - “Vox in Excelso” - Episode Discussion,E01,0,38,0,NicholasCajun,https://www.reddit.com/r/television/comments/1qqsqch/star_trek_starfleet_academy_1x04_vox_in_excelso/,https://www.reddit.com/r/television/comments/1qqsqch/star_trek_starfleet_academy_1x04_vox_in_excelso/
1qqdt3n,television,1769705184,2026-01-29T16:46:24+00:00,'Star Trek' Legend Robert Picardo on Why the 'Starfleet Academy' Cadets Talk Like Modern Kids,,0,24,0,bwermer,https://www.reddit.com/r/television/comments/1qqdt3n/star_trek_legend_robert_picardo_on_why_the/,https://gizmodo.com/star-trek-starfleet-academy-robert-picardo-modern-speaking-2000715030
1qjvk95,television,1769091132,2026-01-22T14:12:12+00:00,Star Trek: Starfleet Academy - 1x03 - “Vitus Reflux” - Episode Discussion,E01,0,15,0,NicholasCajun,https://www.reddit.com/r/television/comments/1qjvk95/star_trek_starfleet_academy_1x03_vitus_reflux/,https://www.reddit.com/r/television/comments/1qjvk95/star_trek_starfleet_academy_1x03_vitus_reflux/
1qj3krn,television,1769015084,2026-01-21T17:04:44+00:00,Star Trek leads Holly Hunter and Paul Giamatti talk Starfleet Academy: Like 'heading for a cliff at 95 miles an hour',,0,52,0,bwermer,https://www.reddit.com/r/television/comments/1qj3krn/star_trek_leads_holly_hunter_and_paul_giamatti/,https://ew.com/star-trek-starfleet-academy-holly-hunter-paul-giamatti-like-heading-for-a-cliff-11885419
1qgsii3,television,1768791679,2026-01-19T03:01:19+00:00,A Knight of the Seven Kingdoms - Series Premiere Discussion,,0,1749,944,NicholasCajun,https://www.reddit.com/r/television/comments/1qgsii3/a_knight_of_the_seven_kingdoms_series_premiere/,https://www.reddit.com/r/television/comments/1qgsii3/a_knight_of_the_seven_kingdoms_series_premiere/
1qfrpmp,television,1768691011,2026-01-17T23:03:31+00:00,Star Trek: Starfleet Academy,,0,25,0,NoBrain6114,https://www.reddit.com/r/television/comments/1qfrpmp/star_trek_starfleet_academy/,https://www.reddit.com/r/television/comments/1qfrpmp/star_trek_starfleet_academy/
1qfk2gl,television,1768672819,2026-01-17T18:00:19+00:00,Star Trek’s Starfleet Academy Gets Fewer Views On YouTube Than Red Letter Media's Video Talking About Deep Space Nine,,0,750,2714,Malencon,https://www.reddit.com/r/television/comments/1qfk2gl/star_treks_starfleet_academy_gets_fewer_views_on/,https://www.yahoo.com/entertainment/tv/articles/star-trek-starfleet-academy-gets-165225967.html
1qef98x,television,1768568262,2026-01-16T12:57:42+00:00,My take on Star Trek Academy Episode 1,E01,0,47,0,gadwin_hawk,https://www.reddit.com/r/television/comments/1qef98x/my_take_on_star_trek_academy_episode_1/,https://www.reddit.com/r/television/comments/1qef98x/my_take_on_star_trek_academy_episode_1/
1qe5034,television,1768534100,2026-01-16T03:28:20+00:00,"Starfleet Academy...Kinda Nailed It, Actually? (Spoilers)",,0,27,0,KBO_Winston,https://www.reddit.com/r/television/comments/1qe5034/starfleet_academykinda_nailed_it_actually_spoilers/,https://www.reddit.com/r/television/comments/1qe5034/starfleet_academykinda_nailed_it_actually_spoilers/
1qe2uov,television,1768528345,2026-01-16T01:52:25+00:00,Star Trek: Starfleet Academy - Series Premiere Discussion,,0,923,22,NicholasCajun,https://www.reddit.com/r/television/comments/1qe2uov/star_trek_starfleet_academy_series_premiere/,https://www.reddit.com/r/television/comments/1qe2uov/star_trek_starfleet_academy_series_premiere/
1qdfbhx,television,1768470110,2026-01-15T09:41:50+00:00,Non-spoiler review of the first two episodes of Starfleet Academy,,0,70,8,TheNerdChaplain,https://www.reddit.com/r/television/comments/1qdfbhx/nonspoiler_review_of_the_first_two_episodes_of/,https://www.reddit.com/r/television/comments/1qdfbhx/nonspoiler_review_of_the_first_two_episodes_of/
1q78l7q,television,1767868879,2026-01-08T10:41:19+00:00,Star Trek: Starfleet Academy boldly goes where many teen dramas have gone before | The franchise's latest series is a surprisingly entertaining trip to the classroom,,0,24,0,PetyrDayne,https://www.reddit.com/r/television/comments/1q78l7q/star_trek_starfleet_academy_boldly_goes_where/,https://www.pastemagazine.com/tv/star-trek-starfleet-academy/star-trek-starfleet-academy-review-tv-paramount-plus
1pyupnn,television,1767034544,2025-12-29T18:55:44+00:00,The Hollywood Reporter names Star Trek one of the biggest losers of 2025,,0,596,1014,Malencon,https://www.reddit.com/r/television/comments/1pyupnn/the_hollywood_reporter_names_star_trek_one_of_the/,https://www.reddit.com/r/television/comments/1pyupnn/the_hollywood_reporter_names_star_trek_one_of_the/
1pk2nd9,television,1765472347,2025-12-11T16:59:07+00:00,"The Orville is probably the best modern ""Star Trek"" available",,0,225,384,Andxel,https://www.reddit.com/r/television/comments/1pk2nd9/the_orville_is_probably_the_best_modern_star_trek/,https://www.reddit.com/r/television/comments/1pk2nd9/the_orville_is_probably_the_best_modern_star_trek/
1pahszs,television,1764507840,2025-11-30T13:04:00+00:00,Paul Giamatti says his ‘Starfleet Academy’ role fulfills a lifelong Star Trek dream: “Happy as a pig in shit”,,0,192,3240,MarvelsGrantMan136,https://www.reddit.com/r/television/comments/1pahszs/paul_giamatti_says_his_starfleet_academy_role/,https://www.thepopverse.com/tv-star-trek-starfleet-academy-paul-giamatti-pig-in-shit
1o4bs6v,television,1760230415,2025-10-12T00:53:35+00:00,An Announcement from Stephen Colbert | Star Trek: Starfleet Academy | NYCC 2025,,0,3,0,OneWithTheHat,https://www.reddit.com/r/television/comments/1o4bs6v/an_announcement_from_stephen_colbert_star_trek/,https://www.youtube.com/watch?v=bd2nv7ldhVQ
1o474aq,television,1760217561,2025-10-11T21:19:21+00:00,"Star Trek: Starfleet Academy trailer, streaming January 15",,1,63,0,TheNerdChaplain,https://www.reddit.com/r/television/comments/1o474aq/star_trek_starfleet_academy_trailer_streaming/,https://www.youtube.com/watch?v=PAGzRczDYpc
1o3w85r,television,1760190832,2025-10-11T13:53:52+00:00,Star Trek: Starfleet Academy creators explain why it was so hard to crack the show,,0,270,330,bwermer,https://www.reddit.com/r/television/comments/1o3w85r/star_trek_starfleet_academy_creators_explain_why/,https://ew.com/why-star-trek-starfleet-academy-was-so-hard-to-crack-exclusive-11828071
1ma3rw7,television,1753562555,2025-07-26T20:42:35+00:00,Star Trek: Starfleet Academy | First Look Teaser | Paramount+,,1,212,5,KillerCroc1234567,https://www.reddit.com/r/television/comments/1ma3rw7/star_trek_starfleet_academy_first_look_teaser/,https://www.youtube.com/watch?v=VkBU8lvXm7M
1m952p7,television,1753463783,2025-07-25T17:16:23+00:00,"Star Trek: Starfleet Academy exclusive first look welcomes new cadets, Paul Giamatti's alien transformation",,0,128,136,sgthombre,https://www.reddit.com/r/television/comments/1m952p7/star_trek_starfleet_academy_exclusive_first_look/,https://ew.com/star-trek-starfleet-academy-first-look-photos-paul-giamatti-alien-exclusive-11778305
1g7gnw9,television,1729366199,2024-10-19T19:29:59+00:00,"‘Star Trek: Starfleet Academy’ Renewed for Season 2, Tatiana Maslany to Guest Star in Season 1",,0,73,322,NoCulture3505,https://www.reddit.com/r/television/comments/1g7gnw9/star_trek_starfleet_academy_renewed_for_season_2/,https://variety.com/2024/tv/news/star-trek-starfleet-academy-renewed-season-2-tatiana-maslany-guest-star-season-1-1236183322/
1edrv6b,television,1722117693,2024-07-27T22:01:33+00:00,"‘Starfleet Academy’ Adds ‘Star Trek’ Alums Robert Picardo and Tig Notaro as Series Regulars, Mary Wiseman and Oded Fehr as Guest Stars",,0,81,308,indig0sixalpha,https://www.reddit.com/r/television/comments/1edrv6b/starfleet_academy_adds_star_trek_alums_robert/,https://variety.com/2024/tv/news/star-trek-starfleet-academy-star-trek-tig-notaro-robert-picardo-mary-wiseman-oded-fehr-1236087597/
1e6mnhm,television,1721337959,2024-07-18T21:25:59+00:00,'Star Trek: Starfleet Academy' Adds Karim Diané & Zoë Steiner To Cast,,0,1,20,Magister_Xehanort,https://www.reddit.com/r/television/comments/1e6mnhm/star_trek_starfleet_academy_adds_karim_diané_zoë/,https://deadline.com/2024/07/star-trek-starfleet-academy-cast-karim-diane-amp-zoe-steiner-1236014459/
1dzehgi,television,1720561493,2024-07-09T21:44:53+00:00,"‘Star Trek: Starfleet Academy’ Adds Kerrice Brooks, Bella Shepard & George Hawkins To Cast",,0,27,12,ContinuumGuy,https://www.reddit.com/r/television/comments/1dzehgi/star_trek_starfleet_academy_adds_kerrice_brooks/,https://deadline.com/2024/07/star-trek-starfleet-academy-cast-kerrice-brooks-bella-shepard-1236004479/
1ddhp4j,television,1718121627,2024-06-11T16:00:27+00:00,Paul Giamatti Joins ‘Star Trek: Starfleet Academy’ as Main Villain,,0,127,609,MarvelsGrantMan136,https://www.reddit.com/r/television/comments/1ddhp4j/paul_giamatti_joins_star_trek_starfleet_academy/,https://variety.com/2024/tv/news/star-trek-paul-giamatti-starfleet-academy-villain-1236032978/
1d4u5t9,television,1717157687,2024-05-31T12:14:47+00:00,'Star Trek: Discovery' is over. Now Alex Kurtzman readies for 'Starfleet Academy' and 'Section 31',,0,498,614,indig0sixalpha,https://www.reddit.com/r/television/comments/1d4u5t9/star_trek_discovery_is_over_now_alex_kurtzman/,https://www.latimes.com/entertainment-arts/tv/story/2024-05-30/alex-kurtzman-star-trek-discovery-finale-starfleet-academy
1czmj1x,television,1716562096,2024-05-24T14:48:16+00:00,"Welcome, Holly Hunter. But We’re Still Waiting on ‘Starfleet Academy’ Casting that We’re Counting On",,0,5,0,DCGirl20874,https://www.reddit.com/r/television/comments/1czmj1x/welcome_holly_hunter_but_were_still_waiting_on/,https://open.substack.com/pub/subspacechatter/p/welcome-holly-hunter-but-were-still?r=mq6wy
1cxd6mk,television,1716311731,2024-05-21T17:15:31+00:00,Variety: ‘Star Trek: Starfleet Academy’ Series Casts Holly Hunter in Main Role (EXCLUSIVE),,0,179,429,ContinuumGuy,https://www.reddit.com/r/television/comments/1cxd6mk/variety_star_trek_starfleet_academy_series_casts/,https://variety.com/2024/tv/news/star-trek-starfleet-academy-series-cast-holly-hunter-1236011724/
1bdqc9r,television,1710333214,2024-03-13T12:33:34+00:00,‘Starfleet Academy’ May Not Arrive Until 2026; Alex Kurtzman Talks Bringing In New Star Trek Fans,,0,25,10,KillerCroc1234567,https://www.reddit.com/r/television/comments/1bdqc9r/starfleet_academy_may_not_arrive_until_2026_alex/,https://trekmovie.com/2024/03/12/starfleet-academy-may-not-arrive-until-2026-alex-kurtzman-talks-bringing-in-new-star-trek-fans/
1bcc728,television,1710186127,2024-03-11T19:42:07+00:00,'Star Trek: Starfleet Academy' Sets Filming Window (Expected Late Summer) & Episode Count (10 episodes),,0,82,93,indig0sixalpha,https://www.reddit.com/r/television/comments/1bcc728/star_trek_starfleet_academy_sets_filming_window/,https://collider.com/star-trek-starfleet-academy-filming-window-episode-count/
126sut3,television,1680195627,2023-03-30T17:00:27+00:00,"Star Trek: Starfleet Academy Series, From Alex Kurtzman and Nancy Drew Creator, Ordered at Paramount+",,0,255,121,MarvelsGrantMan136,https://www.reddit.com/r/television/comments/126sut3/star_trek_starfleet_academy_series_from_alex/,https://tvline.com/2023/03/30/star-trek-starfleet-academy-series-order-paramount-plus/
oy1s2r,television,1628109494,2021-08-04T20:38:14+00:00,"A Starfleet Academy 'Star Trek' Series Is in the Works at Paramount+, Says Alex Kurtzman",,0,157,38,CubistMUC,https://www.reddit.com/r/television/comments/oy1s2r/a_starfleet_academy_star_trek_series_is_in_the/,https://collider.com/starfleet-academy-star-trek-series-in-development-paramount-plus/
