snapshot_utc,post_id,post_name,subreddit,episode_code,is_episode,is_trailer,title,permalink,num_comments
2026-02-10T19:46:49.505203+00:00,1qxossm,t3_1qxossm,television,,0,0,So... Starfleet Academy is ragebait right?,https://www.reddit.com/r/television/comments/1qxossm/so_starfleet_academy_is_ragebait_right/,67
2026-02-10T19:46:49.505203+00:00,1qxj5a1,t3_1qxj5a1,television,,0,0,Star Trek : Starfleet Academy - Why the hate?,https://www.reddit.com/r/television/comments/1qxj5a1/star_trek_starfleet_academy_why_the_hate/,51
2026-02-10T19:46:49.505203+00:00,1qx5d5o,t3_1qx5d5o,television,E01,1,0,Star Trek: Starfleet Academy - 1x05 - “Series Acclimation Mil” - Episode Discussion,https://www.reddit.com/r/television/comments/1qx5d5o/star_trek_starfleet_academy_1x05_series/,43
2026-02-10T19:46:49.505203+00:00,1qrvn9u,t3_1qrvn9u,television,E04,1,0,Welp! I just saw episode 4 of Star Trek Starfleet Academy…,https://www.reddit.com/r/television/comments/1qrvn9u/welp_i_just_saw_episode_4_of_star_trek_starfleet/,16
2026-02-10T19:46:49.505203+00:00,1qr7018,t3_1qr7018,television,,0,0,"The online disourse around Star Trek: Starfleet Academy is not doing the show justice, and it's worthy of a being given a fair shot.",https://www.reddit.com/r/television/comments/1qr7018/the_online_disourse_around_star_trek_starfleet/,135
2026-02-10T19:46:49.505203+00:00,1qqsqch,t3_1qqsqch,television,E01,1,0,Star Trek: Starfleet Academy - 1x04 - “Vox in Excelso” - Episode Discussion,https://www.reddit.com/r/television/comments/1qqsqch/star_trek_starfleet_academy_1x04_vox_in_excelso/,38
2026-02-10T19:46:49.505203+00:00,1qqdt3n,t3_1qqdt3n,television,,0,0,'Star Trek' Legend Robert Picardo on Why the 'Starfleet Academy' Cadets Talk Like Modern Kids,https://www.reddit.com/r/television/comments/1qqdt3n/star_trek_legend_robert_picardo_on_why_the/,24
2026-02-10T19:46:49.505203+00:00,1qjvk95,t3_1qjvk95,television,E01,1,0,Star Trek: Starfleet Academy - 1x03 - “Vitus Reflux” - Episode Discussion,https://www.reddit.com/r/television/comments/1qjvk95/star_trek_starfleet_academy_1x03_vitus_reflux/,15
2026-02-10T19:46:49.505203+00:00,1qj3krn,t3_1qj3krn,television,,0,0,Star Trek leads Holly Hunter and Paul Giamatti talk Starfleet Academy: Like 'heading for a cliff at 95 miles an hour',https://www.reddit.com/r/television/comments/1qj3krn/star_trek_leads_holly_hunter_and_paul_giamatti/,52
2026-02-10T19:46:49.505203+00:00,1qgsii3,t3_1qgsii3,television,,0,0,A Knight of the Seven Kingdoms - Series Premiere Discussion,https://www.reddit.com/r/television/comments/1qgsii3/a_knight_of_the_seven_kingdoms_series_premiere/,1749
2026-02-10T19:46:49.505203+00:00,1qfrpmp,t3_1qfrpmp,television,,0,0,Star Trek: Starfleet Academy,https://www.reddit.com/r/television/comments/1qfrpmp/star_trek_starfleet_academy/,25
2026-02-10T19:46:49.505203+00:00,1qfk2gl,t3_1qfk2gl,television,,0,0,Star Trek’s Starfleet Academy Gets Fewer Views On YouTube Than Red Letter Media's Video Talking About Deep Space Nine,https://www.reddit.com/r/television/comments/1qfk2gl/star_treks_starfleet_academy_gets_fewer_views_on/,750
2026-02-10T19:46:49.505203+00:00,1qef98x,t3_1qef98x,television,E01,1,0,My take on Star Trek Academy Episode 1,https://www.reddit.com/r/television/comments/1qef98x/my_take_on_star_trek_academy_episode_1/,47
2026-02-10T19:46:49.505203+00:00,1qe5034,t3_1qe5034,television,,0,0,"Starfleet Academy...Kinda Nailed It, Actually? (Spoilers)",https://www.reddit.com/r/television/comments/1qe5034/starfleet_academykinda_nailed_it_actually_spoilers/,27
2026-02-10T19:46:49.505203+00:00,1qe2uov,t3_1qe2uov,television,,0,0,Star Trek: Starfleet Academy - Series Premiere Discussion,https://www.reddit.com/r/television/comments/1qe2uov/star_trek_starfleet_academy_series_premiere/,923
2026-02-10T19:46:49.505203+00:00,1qdfbhx,t3_1qdfbhx,television,,0,0,Non-spoiler review of the first two episodes of Starfleet Academy,https://www.reddit.com/r/television/comments/1qdfbhx/nonspoiler_review_of_the_first_two_episodes_of/,70
2026-02-10T19:46:49.505203+00:00,1q78l7q,t3_1q78l7q,television,,0,0,Star Trek: Starfleet Academy boldly goes where many teen dramas have gone before | The franchise's latest series is a surprisingly entertaining trip to the classroom,https://www.reddit.com/r/television/comments/1q78l7q/star_trek_starfleet_academy_boldly_goes_where/,24
2026-02-10T19:46:49.505203+00:00,1pyupnn,t3_1pyupnn,television,,0,0,The Hollywood Reporter names Star Trek one of the biggest losers of 2025,https://www.reddit.com/r/television/comments/1pyupnn/the_hollywood_reporter_names_star_trek_one_of_the/,596
2026-02-10T19:46:49.505203+00:00,1pk2nd9,t3_1pk2nd9,television,,0,0,"The Orville is probably the best modern ""Star Trek"" available",https://www.reddit.com/r/television/comments/1pk2nd9/the_orville_is_probably_the_best_modern_star_trek/,225
2026-02-10T19:46:49.505203+00:00,1pahszs,t3_1pahszs,television,,0,0,Paul Giamatti says his ‘Starfleet Academy’ role fulfills a lifelong Star Trek dream: “Happy as a pig in shit”,https://www.reddit.com/r/television/comments/1pahszs/paul_giamatti_says_his_starfleet_academy_role/,192
2026-02-10T19:46:49.505203+00:00,1o4bs6v,t3_1o4bs6v,television,,0,0,An Announcement from Stephen Colbert | Star Trek: Starfleet Academy | NYCC 2025,https://www.reddit.com/r/television/comments/1o4bs6v/an_announcement_from_stephen_colbert_star_trek/,3
2026-02-10T19:46:49.505203+00:00,1o474aq,t3_1o474aq,television,,0,1,"Star Trek: Starfleet Academy trailer, streaming January 15",https://www.reddit.com/r/television/comments/1o474aq/star_trek_starfleet_academy_trailer_streaming/,63
2026-02-10T19:46:49.505203+00:00,1o3w85r,t3_1o3w85r,television,,0,0,Star Trek: Starfleet Academy creators explain why it was so hard to crack the show,https://www.reddit.com/r/television/comments/1o3w85r/star_trek_starfleet_academy_creators_explain_why/,270
2026-02-10T19:46:49.505203+00:00,1ma3rw7,t3_1ma3rw7,television,,0,1,Star Trek: Starfleet Academy | First Look Teaser | Paramount+,https://www.reddit.com/r/television/comments/1ma3rw7/star_trek_starfleet_academy_first_look_teaser/,212
2026-02-10T19:46:49.505203+00:00,1m952p7,t3_1m952p7,television,,0,0,"Star Trek: Starfleet Academy exclusive first look welcomes new cadets, Paul Giamatti's alien transformation",https://www.reddit.com/r/television/comments/1m952p7/star_trek_starfleet_academy_exclusive_first_look/,128
2026-02-10T19:46:49.505203+00:00,1g7gnw9,t3_1g7gnw9,television,,0,0,"‘Star Trek: Starfleet Academy’ Renewed for Season 2, Tatiana Maslany to Guest Star in Season 1",https://www.reddit.com/r/television/comments/1g7gnw9/star_trek_starfleet_academy_renewed_for_season_2/,73
2026-02-10T19:46:49.505203+00:00,1edrv6b,t3_1edrv6b,television,,0,0,"‘Starfleet Academy’ Adds ‘Star Trek’ Alums Robert Picardo and Tig Notaro as Series Regulars, Mary Wiseman and Oded Fehr as Guest Stars",https://www.reddit.com/r/television/comments/1edrv6b/starfleet_academy_adds_star_trek_alums_robert/,81
2026-02-10T19:46:49.505203+00:00,1e6mnhm,t3_1e6mnhm,television,,0,0,'Star Trek: Starfleet Academy' Adds Karim Diané & Zoë Steiner To Cast,https://www.reddit.com/r/television/comments/1e6mnhm/star_trek_starfleet_academy_adds_karim_diané_zoë/,1
2026-02-10T19:46:49.505203+00:00,1dzehgi,t3_1dzehgi,television,,0,0,"‘Star Trek: Starfleet Academy’ Adds Kerrice Brooks, Bella Shepard & George Hawkins To Cast",https://www.reddit.com/r/television/comments/1dzehgi/star_trek_starfleet_academy_adds_kerrice_brooks/,27
2026-02-10T19:46:49.505203+00:00,1ddhp4j,t3_1ddhp4j,television,,0,0,Paul Giamatti Joins ‘Star Trek: Starfleet Academy’ as Main Villain,https://www.reddit.com/r/television/comments/1ddhp4j/paul_giamatti_joins_star_trek_starfleet_academy/,127
2026-02-10T19:46:49.505203+00:00,1d4u5t9,t3_1d4u5t9,television,,0,0,'Star Trek: Discovery' is over. Now Alex Kurtzman readies for 'Starfleet Academy' and 'Section 31',https://www.reddit.com/r/television/comments/1d4u5t9/star_trek_discovery_is_over_now_alex_kurtzman/,498
2026-02-10T19:46:49.505203+00:00,1czmj1x,t3_1czmj1x,television,,0,0,"Welcome, Holly Hunter. But We’re Still Waiting on ‘Starfleet Academy’ Casting that We’re Counting On",https://www.reddit.com/r/television/comments/1czmj1x/welcome_holly_hunter_but_were_still_waiting_on/,5
2026-02-10T19:46:49.505203+00:00,1cxd6mk,t3_1cxd6mk,television,,0,0,Variety: ‘Star Trek: Starfleet Academy’ Series Casts Holly Hunter in Main Role (EXCLUSIVE),https://www.reddit.com/r/television/comments/1cxd6mk/variety_star_trek_starfleet_academy_series_casts/,179
2026-02-10T19:46:49.505203+00:00,1bdqc9r,t3_1bdqc9r,television,,0,0,‘Starfleet Academy’ May Not Arrive Until 2026; Alex Kurtzman Talks Bringing In New Star Trek Fans,https://www.reddit.com/r/television/comments/1bdqc9r/starfleet_academy_may_not_arrive_until_2026_alex/,25
2026-02-10T19:46:49.505203+00:00,1bcc728,t3_1bcc728,television,,0,0,'Star Trek: Starfleet Academy' Sets Filming Window (Expected Late Summer) & Episode Count (10 episodes),https://www.reddit.com/r/television/comments/1bcc728/star_trek_starfleet_academy_sets_filming_window/,82
2026-02-10T19:46:49.505203+00:00,126sut3,t3_126sut3,television,,0,0,"Star Trek: Starfleet Academy Series, From Alex Kurtzman and Nancy Drew Creator, Ordered at Paramount+",https://www.reddit.com/r/television/comments/126sut3/star_trek_starfleet_academy_series_from_alex/,255
2026-02-10T19:46:49.505203+00:00,oy1s2r,t3_oy1s2r,television,,0,0,"A Starfleet Academy 'Star Trek' Series Is in the Works at Paramount+, Says Alex Kurtzman",https://www.reddit.com/r/television/comments/oy1s2r/a_starfleet_academy_star_trek_series_is_in_the/,157
2026-02-10T19:58:30.536700+00:00,1qxossm,t3_1qxossm,television,,0,0,So... Starfleet Academy is ragebait right?,https://www.reddit.com/r/television/comments/1qxossm/so_starfleet_academy_is_ragebait_right/,67
2026-02-10T19:58:30.536700+00:00,1qxj5a1,t3_1qxj5a1,television,,0,0,Star Trek : Starfleet Academy - Why the hate?,https://www.reddit.com/r/television/comments/1qxj5a1/star_trek_starfleet_academy_why_the_hate/,51
2026-02-10T19:58:30.536700+00:00,1qx5d5o,t3_1qx5d5o,television,E01,1,0,Star Trek: Starfleet Academy - 1x05 - “Series Acclimation Mil” - Episode Discussion,https://www.reddit.com/r/television/comments/1qx5d5o/star_trek_starfleet_academy_1x05_series/,43
2026-02-10T19:58:30.536700+00:00,1qrvn9u,t3_1qrvn9u,television,E04,1,0,Welp! I just saw episode 4 of Star Trek Starfleet Academy…,https://www.reddit.com/r/television/comments/1qrvn9u/welp_i_just_saw_episode_4_of_star_trek_starfleet/,16
2026-02-10T19:58:30.536700+00:00,1qr7018,t3_1qr7018,television,,0,0,"The online disourse around Star Trek: Starfleet Academy is not doing the show justice, and it's worthy of a being given a fair shot.",https://www.reddit.com/r/television/comments/1qr7018/the_online_disourse_around_star_trek_starfleet/,135
2026-02-10T19:58:30.536700+00:00,1qqsqch,t3_1qqsqch,television,E01,1,0,Star Trek: Starfleet Academy - 1x04 - “Vox in Excelso” - Episode Discussion,https://www.reddit.com/r/television/comments/1qqsqch/star_trek_starfleet_academy_1x04_vox_in_excelso/,38
2026-02-10T19:58:30.536700+00:00,1qqdt3n,t3_1qqdt3n,television,,0,0,'Star Trek' Legend Robert Picardo on Why the 'Starfleet Academy' Cadets Talk Like Modern Kids,https://www.reddit.com/r/television/comments/1qqdt3n/star_trek_legend_robert_picardo_on_why_the/,24
2026-02-10T19:58:30.536700+00:00,1qjvk95,t3_1qjvk95,television,E01,1,0,Star Trek: Starfleet Academy - 1x03 - “Vitus Reflux” - Episode Discussion,https://www.reddit.com/r/television/comments/1qjvk95/star_trek_starfleet_academy_1x03_vitus_reflux/,15
2026-02-10T19:58:30.536700+00:00,1qj3krn,t3_1qj3krn,television,,0,0,Star Trek leads Holly Hunter and Paul Giamatti talk Starfleet Academy: Like 'heading for a cliff at 95 miles an hour',https://www.reddit.com/r/television/comments/1qj3krn/star_trek_leads_holly_hunter_and_paul_giamatti/,52
2026-02-10T19:58:30.536700+00:00,1qgsii3,t3_1qgsii3,television,,0,0,A Knight of the Seven Kingdoms - Series Premiere Discussion,https://www.reddit.com/r/television/comments/1qgsii3/a_knight_of_the_seven_kingdoms_series_premiere/,1749
2026-02-10T19:58:30.536700+00:00,1qfrpmp,t3_1qfrpmp,television,,0,0,Star Trek: Starfleet Academy,https://www.reddit.com/r/television/comments/1qfrpmp/star_trek_starfleet_academy/,25
2026-02-10T19:58:30.536700+00:00,1qfk2gl,t3_1qfk2gl,television,,0,0,Star Trek’s Starfleet Academy Gets Fewer Views On YouTube Than Red Letter Media's Video Talking About Deep Space Nine,https://www.reddit.com/r/television/comments/1qfk2gl/star_treks_starfleet_academy_gets_fewer_views_on/,750
2026-02-10T19:58:30.536700+00:00,1qef98x,t3_1qef98x,television,E01,1,0,My take on Star Trek Academy Episode 1,https://www.reddit.com/r/television/comments/1qef98x/my_take_on_star_trek_academy_episode_1/,47
2026-02-10T19:58:30.536700+00:00,1qe5034,t3_1qe5034,television,,0,0,"Starfleet Academy...Kinda Nailed It, Actually? (Spoilers)",https://www.reddit.com/r/television/comments/1qe5034/starfleet_academykinda_nailed_it_actually_spoilers/,27
2026-02-10T19:58:30.536700+00:00,1qe2uov,t3_1qe2uov,television,,0,0,Star Trek: Starfleet Academy - Series Premiere Discussion,https://www.reddit.com/r/television/comments/1qe2uov/star_trek_starfleet_academy_series_premiere/,923
2026-02-10T19:58:30.536700+00:00,1qdfbhx,t3_1qdfbhx,television,,0,0,Non-spoiler review of the first two episodes of Starfleet Academy,https://www.reddit.com/r/television/comments/1qdfbhx/nonspoiler_review_of_the_first_two_episodes_of/,70
2026-02-10T19:58:30.536700+00:00,1q78l7q,t3_1q78l7q,television,,0,0,Star Trek: Starfleet Academy boldly goes where many teen dramas have gone before | The franchise's latest series is a surprisingly entertaining trip to the classroom,https://www.reddit.com/r/television/comments/1q78l7q/star_trek_starfleet_academy_boldly_goes_where/,24
2026-02-10T19:58:30.536700+00:00,1pyupnn,t3_1pyupnn,television,,0,0,The Hollywood Reporter names Star Trek one of the biggest losers of 2025,https://www.reddit.com/r/television/comments/1pyupnn/the_hollywood_reporter_names_star_trek_one_of_the/,596
2026-02-10T19:58:30.536700+00:00,1pk2nd9,t3_1pk2nd9,television,,0,0,"The Orville is probably the best modern ""Star Trek"" available",https://www.reddit.com/r/television/comments/1pk2nd9/the_orville_is_probably_the_best_modern_star_trek/,225
2026-02-10T19:58:30.536700+00:00,1pahszs,t3_1pahszs,television,,0,0,Paul Giamatti says his ‘Starfleet Academy’ role fulfills a lifelong Star Trek dream: “Happy as a pig in shit”,https://www.reddit.com/r/television/comments/1pahszs/paul_giamatti_says_his_starfleet_academy_role/,192
2026-02-10T19:58:30.536700+00:00,1o4bs6v,t3_1o4bs6v,television,,0,0,An Announcement from Stephen Colbert | Star Trek: Starfleet Academy | NYCC 2025,https://www.reddit.com/r/television/comments/1o4bs6v/an_announcement_from_stephen_colbert_star_trek/,3
2026-02-10T19:58:30.536700+00:00,1o474aq,t3_1o474aq,television,,0,1,"Star Trek: Starfleet Academy trailer, streaming January 15",https://www.reddit.com/r/television/comments/1o474aq/star_trek_starfleet_academy_trailer_streaming/,63
2026-02-10T19:58:30.536700+00:00,1o3w85r,t3_1o3w85r,television,,0,0,Star Trek: Starfleet Academy creators explain why it was so hard to crack the show,https://www.reddit.com/r/television/comments/1o3w85r/star_trek_starfleet_academy_creators_explain_why/,270
2026-02-10T19:58:30.536700+00:00,1ma3rw7,t3_1ma3rw7,television,,0,1,Star Trek: Starfleet Academy | First Look Teaser | Paramount+,https://www.reddit.com/r/television/comments/1ma3rw7/star_trek_starfleet_academy_first_look_teaser/,212
2026-02-10T19:58:30.536700+00:00,1m952p7,t3_1m952p7,television,,0,0,"Star Trek: Starfleet Academy exclusive first look welcomes new cadets, Paul Giamatti's alien transformation",https://www.reddit.com/r/television/comments/1m952p7/star_trek_starfleet_academy_exclusive_first_look/,128
2026-02-10T19:58:30.536700+00:00,1g7gnw9,t3_1g7gnw9,television,,0,0,"‘Star Trek: Starfleet Academy’ Renewed for Season 2, Tatiana Maslany to Guest Star in Season 1",https://www.reddit.com/r/television/comments/1g7gnw9/star_trek_starfleet_academy_renewed_for_season_2/,73
2026-02-10T19:58:30.536700+00:00,1edrv6b,t3_1edrv6b,television,,0,0,"‘Starfleet Academy’ Adds ‘Star Trek’ Alums Robert Picardo and Tig Notaro as Series Regulars, Mary Wiseman and Oded Fehr as Guest Stars",https://www.reddit.com/r/television/comments/1edrv6b/starfleet_academy_adds_star_trek_alums_robert/,81
2026-02-10T19:58:30.536700+00:00,1e6mnhm,t3_1e6mnhm,television,,0,0,'Star Trek: Starfleet Academy' Adds Karim Diané & Zoë Steiner To Cast,https://www.reddit.com/r/television/comments/1e6mnhm/star_trek_starfleet_academy_adds_karim_diané_zoë/,1
2026-02-10T19:58:30.536700+00:00,1dzehgi,t3_1dzehgi,television,,0,0,"‘Star Trek: Starfleet Academy’ Adds Kerrice Brooks, Bella Shepard & George Hawkins To Cast",https://www.reddit.com/r/television/comments/1dzehgi/star_trek_starfleet_academy_adds_kerrice_brooks/,27
2026-02-10T19:58:30.536700+00:00,1ddhp4j,t3_1ddhp4j,television,,0,0,Paul Giamatti Joins ‘Star Trek: Starfleet Academy’ as Main Villain,https://www.reddit.com/r/television/comments/1ddhp4j/paul_giamatti_joins_star_trek_starfleet_academy/,127
2026-02-10T19:58:30.536700+00:00,1d4u5t9,t3_1d4u5t9,television,,0,0,'Star Trek: Discovery' is over. Now Alex Kurtzman readies for 'Starfleet Academy' and 'Section 31',https://www.reddit.com/r/television/comments/1d4u5t9/star_trek_discovery_is_over_now_alex_kurtzman/,498
2026-02-10T19:58:30.536700+00:00,1czmj1x,t3_1czmj1x,television,,0,0,"Welcome, Holly Hunter. But We’re Still Waiting on ‘Starfleet Academy’ Casting that We’re Counting On",https://www.reddit.com/r/television/comments/1czmj1x/welcome_holly_hunter_but_were_still_waiting_on/,5
2026-02-10T19:58:30.536700+00:00,1cxd6mk,t3_1cxd6mk,television,,0,0,Variety: ‘Star Trek: Starfleet Academy’ Series Casts Holly Hunter in Main Role (EXCLUSIVE),https://www.reddit.com/r/television/comments/1cxd6mk/variety_star_trek_starfleet_academy_series_casts/,179
2026-02-10T19:58:30.536700+00:00,1bdqc9r,t3_1bdqc9r,television,,0,0,‘Starfleet Academy’ May Not Arrive Until 2026; Alex Kurtzman Talks Bringing In New Star Trek Fans,https://www.reddit.com/r/television/comments/1bdqc9r/starfleet_academy_may_not_arrive_until_2026_alex/,25
2026-02-10T19:58:30.536700+00:00,1bcc728,t3_1bcc728,television,,0,0,'Star Trek: Starfleet Academy' Sets Filming Window (Expected Late Summer) & Episode Count (10 episodes),https://www.reddit.com/r/television/comments/1bcc728/star_trek_starfleet_academy_sets_filming_window/,82
2026-02-10T19:58:30.536700+00:00,126sut3,t3_126sut3,television,,0,0,"Star Trek: Starfleet Academy Series, From Alex Kurtzman and Nancy Drew Creator, Ordered at Paramount+",https://www.reddit.com/r/television/comments/126sut3/star_trek_starfleet_academy_series_from_alex/,255
2026-02-10T19:58:30.536700+00:00,oy1s2r,t3_oy1s2r,television,,0,0,"A Starfleet Academy 'Star Trek' Series Is in the Works at Paramount+, Says Alex Kurtzman",https://www.reddit.com/r/television/comments/oy1s2r/a_starfleet_academy_star_trek_series_is_in_the/,157
